{"cameraMode":{"drawMode":0,"name":"Shaded","section":"Shading Mode"},"sceneLighting":true,"audioPlay":false,"sceneViewState":{"showFog":true,"showMaterialUpdate":false,"showSkybox":true,"showFlares":true,"showImageEffects":true,"showParticleSystems":true,"showVisualEffectGraphs":true,"m_FxEnabled":true},"in2DMode":false,"pivot":{"x":1.4810587167739869,"y":5.504868507385254,"z":-7.056662082672119},"rotation":{"x":0.0024624925572425129,"y":0.01057389285415411,"z":0.0056027756072580818,"w":1.001188039779663},"size":8.076865196228028,"orthographic":false}